Source well,Destination well,Source plate name,Dest plate name,Transfer volume
A1,A1,Source_1,Dest1,100
A1,B1,Source_1,Dest1,100
A1,A2,Source_1,Dest1,100
A1,B2,Source_1,Dest1,100
B1,C1,Source_1,Dest1,100
B1,D1,Source_1,Dest1,100
B1,C2,Source_1,Dest1,100
B1,D2,Source_1,Dest1,100
C1,E1,Source_1,Dest1,100
C1,F1,Source_1,Dest1,100
C1,E2,Source_1,Dest1,100
C1,F2,Source_1,Dest1,100
D1,G1,Source_1,Dest1,100
D1,H1,Source_1,Dest1,100
D1,G2,Source_1,Dest1,100
D1,H2,Source_1,Dest1,100
E1,I1,Source_1,Dest1,100
E1,J1,Source_1,Dest1,100
E1,I2,Source_1,Dest1,100
E1,J2,Source_1,Dest1,100
F1,K1,Source_1,Dest1,100
F1,L1,Source_1,Dest1,100
F1,K2,Source_1,Dest1,100
F1,L2,Source_1,Dest1,100
G1,M1,Source_1,Dest1,100
G1,N1,Source_1,Dest1,100
G1,M2,Source_1,Dest1,100
G1,N2,Source_1,Dest1,100
H1,O1,Source_1,Dest1,100
H1,P1,Source_1,Dest1,100
H1,O2,Source_1,Dest1,100
H1,P2,Source_1,Dest1,100
A2,A3,Source_1,Dest1,100
A2,B3,Source_1,Dest1,100
A2,A4,Source_1,Dest1,100
A2,B4,Source_1,Dest1,100
B2,C3,Source_1,Dest1,100
B2,D3,Source_1,Dest1,100
B2,C4,Source_1,Dest1,100
B2,D4,Source_1,Dest1,100
C2,E3,Source_1,Dest1,100
C2,F3,Source_1,Dest1,100
C2,E4,Source_1,Dest1,100
C2,F4,Source_1,Dest1,100
D2,G3,Source_1,Dest1,100
D2,H3,Source_1,Dest1,100
D2,G4,Source_1,Dest1,100
D2,H4,Source_1,Dest1,100
E2,I3,Source_1,Dest1,100
E2,J3,Source_1,Dest1,100
E2,I4,Source_1,Dest1,100
E2,J4,Source_1,Dest1,100
F2,K3,Source_1,Dest1,100
F2,L3,Source_1,Dest1,100
F2,K4,Source_1,Dest1,100
F2,L4,Source_1,Dest1,100
G2,M3,Source_1,Dest1,100
G2,N3,Source_1,Dest1,100
G2,M4,Source_1,Dest1,100
G2,N4,Source_1,Dest1,100
H2,O3,Source_1,Dest1,100
H2,P3,Source_1,Dest1,100
H2,O4,Source_1,Dest1,100
H2,P4,Source_1,Dest1,100
A3,A5,Source_1,Dest1,100
A3,B5,Source_1,Dest1,100
A3,A6,Source_1,Dest1,100
A3,B6,Source_1,Dest1,100
B3,C5,Source_1,Dest1,100
B3,D5,Source_1,Dest1,100
B3,C6,Source_1,Dest1,100
B3,D6,Source_1,Dest1,100
C3,E5,Source_1,Dest1,100
C3,F5,Source_1,Dest1,100
C3,E6,Source_1,Dest1,100
C3,F6,Source_1,Dest1,100
D3,G5,Source_1,Dest1,100
D3,H5,Source_1,Dest1,100
D3,G6,Source_1,Dest1,100
D3,H6,Source_1,Dest1,100
E3,I5,Source_1,Dest1,100
E3,J5,Source_1,Dest1,100
E3,I6,Source_1,Dest1,100
E3,J6,Source_1,Dest1,100
F3,K5,Source_1,Dest1,100
F3,L5,Source_1,Dest1,100
F3,K6,Source_1,Dest1,100
F3,L6,Source_1,Dest1,100
G3,M5,Source_1,Dest1,100
G3,N5,Source_1,Dest1,100
G3,M6,Source_1,Dest1,100
G3,N6,Source_1,Dest1,100
H3,O5,Source_1,Dest1,100
H3,P5,Source_1,Dest1,100
H3,O6,Source_1,Dest1,100
H3,P6,Source_1,Dest1,100
A4,A7,Source_1,Dest1,100
A4,B7,Source_1,Dest1,100
A4,A8,Source_1,Dest1,100
A4,B8,Source_1,Dest1,100
B4,C7,Source_1,Dest1,100
B4,D7,Source_1,Dest1,100
B4,C8,Source_1,Dest1,100
B4,D8,Source_1,Dest1,100
C4,E7,Source_1,Dest1,100
C4,F7,Source_1,Dest1,100
C4,E8,Source_1,Dest1,100
C4,F8,Source_1,Dest1,100
D4,G7,Source_1,Dest1,100
D4,H7,Source_1,Dest1,100
D4,G8,Source_1,Dest1,100
D4,H8,Source_1,Dest1,100
E4,I7,Source_1,Dest1,100
E4,J7,Source_1,Dest1,100
E4,I8,Source_1,Dest1,100
E4,J8,Source_1,Dest1,100
F4,K7,Source_1,Dest1,100
F4,L7,Source_1,Dest1,100
F4,K8,Source_1,Dest1,100
F4,L8,Source_1,Dest1,100
G4,M7,Source_1,Dest1,100
G4,N7,Source_1,Dest1,100
G4,M8,Source_1,Dest1,100
G4,N8,Source_1,Dest1,100
H4,O7,Source_1,Dest1,100
H4,P7,Source_1,Dest1,100
H4,O8,Source_1,Dest1,100
H4,P8,Source_1,Dest1,100
A5,A9,Source_1,Dest1,100
A5,B9,Source_1,Dest1,100
A5,A10,Source_1,Dest1,100
A5,B10,Source_1,Dest1,100
B5,C9,Source_1,Dest1,100
B5,D9,Source_1,Dest1,100
B5,C10,Source_1,Dest1,100
B5,D10,Source_1,Dest1,100
C5,E9,Source_1,Dest1,100
C5,F9,Source_1,Dest1,100
C5,E10,Source_1,Dest1,100
C5,F10,Source_1,Dest1,100
D5,G9,Source_1,Dest1,100
D5,H9,Source_1,Dest1,100
D5,G10,Source_1,Dest1,100
D5,H10,Source_1,Dest1,100
E5,I9,Source_1,Dest1,100
E5,J9,Source_1,Dest1,100
E5,I10,Source_1,Dest1,100
E5,J10,Source_1,Dest1,100
F5,K9,Source_1,Dest1,100
F5,L9,Source_1,Dest1,100
F5,K10,Source_1,Dest1,100
F5,L10,Source_1,Dest1,100
G5,M9,Source_1,Dest1,100
G5,N9,Source_1,Dest1,100
G5,M10,Source_1,Dest1,100
G5,N10,Source_1,Dest1,100
H5,O9,Source_1,Dest1,100
H5,P9,Source_1,Dest1,100
H5,O10,Source_1,Dest1,100
H5,P10,Source_1,Dest1,100
A6,A11,Source_1,Dest1,100
A6,B11,Source_1,Dest1,100
A6,A12,Source_1,Dest1,100
A6,B12,Source_1,Dest1,100
B6,C11,Source_1,Dest1,100
B6,D11,Source_1,Dest1,100
B6,C12,Source_1,Dest1,100
B6,D12,Source_1,Dest1,100
C6,E11,Source_1,Dest1,100
C6,F11,Source_1,Dest1,100
C6,E12,Source_1,Dest1,100
C6,F12,Source_1,Dest1,100
D6,G11,Source_1,Dest1,100
D6,H11,Source_1,Dest1,100
D6,G12,Source_1,Dest1,100
D6,H12,Source_1,Dest1,100
E6,I11,Source_1,Dest1,100
E6,J11,Source_1,Dest1,100
E6,I12,Source_1,Dest1,100
E6,J12,Source_1,Dest1,100
F6,K11,Source_1,Dest1,100
F6,L11,Source_1,Dest1,100
F6,K12,Source_1,Dest1,100
F6,L12,Source_1,Dest1,100
G6,M11,Source_1,Dest1,100
G6,N11,Source_1,Dest1,100
G6,M12,Source_1,Dest1,100
G6,N12,Source_1,Dest1,100
H6,O11,Source_1,Dest1,100
H6,P11,Source_1,Dest1,100
H6,O12,Source_1,Dest1,100
H6,P12,Source_1,Dest1,100
A7,A13,Source_1,Dest1,100
A7,B13,Source_1,Dest1,100
A7,A14,Source_1,Dest1,100
A7,B14,Source_1,Dest1,100
B7,C13,Source_1,Dest1,100
B7,D13,Source_1,Dest1,100
B7,C14,Source_1,Dest1,100
B7,D14,Source_1,Dest1,100
C7,E13,Source_1,Dest1,100
C7,F13,Source_1,Dest1,100
C7,E14,Source_1,Dest1,100
C7,F14,Source_1,Dest1,100
D7,G13,Source_1,Dest1,100
D7,H13,Source_1,Dest1,100
D7,G14,Source_1,Dest1,100
D7,H14,Source_1,Dest1,100
E7,I13,Source_1,Dest1,100
E7,J13,Source_1,Dest1,100
E7,I14,Source_1,Dest1,100
E7,J14,Source_1,Dest1,100
F7,K13,Source_1,Dest1,100
F7,L13,Source_1,Dest1,100
F7,K14,Source_1,Dest1,100
F7,L14,Source_1,Dest1,100
G7,M13,Source_1,Dest1,100
G7,N13,Source_1,Dest1,100
G7,M14,Source_1,Dest1,100
G7,N14,Source_1,Dest1,100
H7,O13,Source_1,Dest1,100
H7,P13,Source_1,Dest1,100
H7,O14,Source_1,Dest1,100
H7,P14,Source_1,Dest1,100
A8,A15,Source_1,Dest1,100
A8,B15,Source_1,Dest1,100
A8,A16,Source_1,Dest1,100
A8,B16,Source_1,Dest1,100
B8,C15,Source_1,Dest1,100
B8,D15,Source_1,Dest1,100
B8,C16,Source_1,Dest1,100
B8,D16,Source_1,Dest1,100
C8,E15,Source_1,Dest1,100
C8,F15,Source_1,Dest1,100
C8,E16,Source_1,Dest1,100
C8,F16,Source_1,Dest1,100
D8,G15,Source_1,Dest1,100
D8,H15,Source_1,Dest1,100
D8,G16,Source_1,Dest1,100
D8,H16,Source_1,Dest1,100
E8,I15,Source_1,Dest1,100
E8,J15,Source_1,Dest1,100
E8,I16,Source_1,Dest1,100
E8,J16,Source_1,Dest1,100
F8,K15,Source_1,Dest1,100
F8,L15,Source_1,Dest1,100
F8,K16,Source_1,Dest1,100
F8,L16,Source_1,Dest1,100
G8,M15,Source_1,Dest1,100
G8,N15,Source_1,Dest1,100
G8,M16,Source_1,Dest1,100
G8,N16,Source_1,Dest1,100
H8,O15,Source_1,Dest1,100
H8,P15,Source_1,Dest1,100
H8,O16,Source_1,Dest1,100
H8,P16,Source_1,Dest1,100
A9,A17,Source_1,Dest1,100
A9,B17,Source_1,Dest1,100
A9,A18,Source_1,Dest1,100
A9,B18,Source_1,Dest1,100
B9,C17,Source_1,Dest1,100
B9,D17,Source_1,Dest1,100
B9,C18,Source_1,Dest1,100
B9,D18,Source_1,Dest1,100
C9,E17,Source_1,Dest1,100
C9,F17,Source_1,Dest1,100
C9,E18,Source_1,Dest1,100
C9,F18,Source_1,Dest1,100
D9,G17,Source_1,Dest1,100
D9,H17,Source_1,Dest1,100
D9,G18,Source_1,Dest1,100
D9,H18,Source_1,Dest1,100
E9,I17,Source_1,Dest1,100
E9,J17,Source_1,Dest1,100
E9,I18,Source_1,Dest1,100
E9,J18,Source_1,Dest1,100
F9,K17,Source_1,Dest1,100
F9,L17,Source_1,Dest1,100
F9,K18,Source_1,Dest1,100
F9,L18,Source_1,Dest1,100
G9,M17,Source_1,Dest1,100
G9,N17,Source_1,Dest1,100
G9,M18,Source_1,Dest1,100
G9,N18,Source_1,Dest1,100
H9,O17,Source_1,Dest1,100
H9,P17,Source_1,Dest1,100
H9,O18,Source_1,Dest1,100
H9,P18,Source_1,Dest1,100
A10,A19,Source_1,Dest1,100
A10,B19,Source_1,Dest1,100
A10,A20,Source_1,Dest1,100
A10,B20,Source_1,Dest1,100
B10,C19,Source_1,Dest1,100
B10,D19,Source_1,Dest1,100
B10,C20,Source_1,Dest1,100
B10,D20,Source_1,Dest1,100
C10,E19,Source_1,Dest1,100
C10,F19,Source_1,Dest1,100
C10,E20,Source_1,Dest1,100
C10,F20,Source_1,Dest1,100
D10,G19,Source_1,Dest1,100
D10,H19,Source_1,Dest1,100
D10,G20,Source_1,Dest1,100
D10,H20,Source_1,Dest1,100
E10,I19,Source_1,Dest1,100
E10,J19,Source_1,Dest1,100
E10,I20,Source_1,Dest1,100
E10,J20,Source_1,Dest1,100
F10,K19,Source_1,Dest1,100
F10,L19,Source_1,Dest1,100
F10,K20,Source_1,Dest1,100
F10,L20,Source_1,Dest1,100
G10,M19,Source_1,Dest1,100
G10,N19,Source_1,Dest1,100
G10,M20,Source_1,Dest1,100
G10,N20,Source_1,Dest1,100
H10,O19,Source_1,Dest1,100
H10,P19,Source_1,Dest1,100
H10,O20,Source_1,Dest1,100
H10,P20,Source_1,Dest1,100
A11,A21,Source_1,Dest1,100
A11,B21,Source_1,Dest1,100
A11,A22,Source_1,Dest1,100
A11,B22,Source_1,Dest1,100
B11,C21,Source_1,Dest1,100
B11,D21,Source_1,Dest1,100
B11,C22,Source_1,Dest1,100
B11,D22,Source_1,Dest1,100
C11,E21,Source_1,Dest1,100
C11,F21,Source_1,Dest1,100
C11,E22,Source_1,Dest1,100
C11,F22,Source_1,Dest1,100
D11,G21,Source_1,Dest1,100
D11,H21,Source_1,Dest1,100
D11,G22,Source_1,Dest1,100
D11,H22,Source_1,Dest1,100
E11,I21,Source_1,Dest1,100
E11,J21,Source_1,Dest1,100
E11,I22,Source_1,Dest1,100
E11,J22,Source_1,Dest1,100
F11,K21,Source_1,Dest1,100
F11,L21,Source_1,Dest1,100
F11,K22,Source_1,Dest1,100
F11,L22,Source_1,Dest1,100
G11,M21,Source_1,Dest1,100
G11,N21,Source_1,Dest1,100
G11,M22,Source_1,Dest1,100
G11,N22,Source_1,Dest1,100
H11,O21,Source_1,Dest1,100
H11,P21,Source_1,Dest1,100
H11,O22,Source_1,Dest1,100
H11,P22,Source_1,Dest1,100
A12,A23,Source_1,Dest1,100
A12,B23,Source_1,Dest1,100
A12,A24,Source_1,Dest1,100
A12,B24,Source_1,Dest1,100
B12,C23,Source_1,Dest1,100
B12,D23,Source_1,Dest1,100
B12,C24,Source_1,Dest1,100
B12,D24,Source_1,Dest1,100
C12,E23,Source_1,Dest1,100
C12,F23,Source_1,Dest1,100
C12,E24,Source_1,Dest1,100
C12,F24,Source_1,Dest1,100
D12,G23,Source_1,Dest1,100
D12,H23,Source_1,Dest1,100
D12,G24,Source_1,Dest1,100
D12,H24,Source_1,Dest1,100
E12,I23,Source_1,Dest1,100
E12,J23,Source_1,Dest1,100
E12,I24,Source_1,Dest1,100
E12,J24,Source_1,Dest1,100
F12,K23,Source_1,Dest1,100
F12,L23,Source_1,Dest1,100
F12,K24,Source_1,Dest1,100
F12,L24,Source_1,Dest1,100
G12,M23,Source_1,Dest1,100
G12,N23,Source_1,Dest1,100
G12,M24,Source_1,Dest1,100
G12,N24,Source_1,Dest1,100
H12,O23,Source_1,Dest1,100
H12,P23,Source_1,Dest1,100
H12,O24,Source_1,Dest1,100
H12,P24,Source_1,Dest1,100
A24,A1,Source_1,Dest1,100
B24,B1,Source_1,Dest1,100
C24,A2,Source_1,Dest1,100
D24,B2,Source_1,Dest1,100
A24,C1,Source_1,Dest1,100
B24,D1,Source_1,Dest1,100
C24,C2,Source_1,Dest1,100
D24,D2,Source_1,Dest1,100
A24,E1,Source_1,Dest1,100
B24,F1,Source_1,Dest1,100
C24,E2,Source_1,Dest1,100
D24,F2,Source_1,Dest1,100
A24,G1,Source_1,Dest1,100
B24,H1,Source_1,Dest1,100
C24,G2,Source_1,Dest1,100
D24,H2,Source_1,Dest1,100
A24,I1,Source_1,Dest1,100
B24,J1,Source_1,Dest1,100
C24,I2,Source_1,Dest1,100
D24,J2,Source_1,Dest1,100
A24,K1,Source_1,Dest1,100
B24,L1,Source_1,Dest1,100
C24,K2,Source_1,Dest1,100
D24,L2,Source_1,Dest1,100
A24,M1,Source_1,Dest1,100
B24,N1,Source_1,Dest1,100
C24,M2,Source_1,Dest1,100
D24,N2,Source_1,Dest1,100
A24,O1,Source_1,Dest1,100
B24,P1,Source_1,Dest1,100
C24,O2,Source_1,Dest1,100
D24,P2,Source_1,Dest1,100
A24,A3,Source_1,Dest1,100
B24,B3,Source_1,Dest1,100
C24,A4,Source_1,Dest1,100
D24,B4,Source_1,Dest1,100
A24,C3,Source_1,Dest1,100
B24,D3,Source_1,Dest1,100
C24,C4,Source_1,Dest1,100
D24,D4,Source_1,Dest1,100
A24,E3,Source_1,Dest1,100
B24,F3,Source_1,Dest1,100
C24,E4,Source_1,Dest1,100
D24,F4,Source_1,Dest1,100
A24,G3,Source_1,Dest1,100
B24,H3,Source_1,Dest1,100
C24,G4,Source_1,Dest1,100
D24,H4,Source_1,Dest1,100
A24,I3,Source_1,Dest1,100
B24,J3,Source_1,Dest1,100
C24,I4,Source_1,Dest1,100
D24,J4,Source_1,Dest1,100
A24,K3,Source_1,Dest1,100
B24,L3,Source_1,Dest1,100
C24,K4,Source_1,Dest1,100
D24,L4,Source_1,Dest1,100
A24,M3,Source_1,Dest1,100
B24,N3,Source_1,Dest1,100
C24,M4,Source_1,Dest1,100
D24,N4,Source_1,Dest1,100
A24,O3,Source_1,Dest1,100
B24,P3,Source_1,Dest1,100
C24,O4,Source_1,Dest1,100
D24,P4,Source_1,Dest1,100
A24,A5,Source_1,Dest1,100
B24,B5,Source_1,Dest1,100
C24,A6,Source_1,Dest1,100
D24,B6,Source_1,Dest1,100
A24,C5,Source_1,Dest1,100
B24,D5,Source_1,Dest1,100
C24,C6,Source_1,Dest1,100
D24,D6,Source_1,Dest1,100
A24,E5,Source_1,Dest1,100
B24,F5,Source_1,Dest1,100
C24,E6,Source_1,Dest1,100
D24,F6,Source_1,Dest1,100
A24,G5,Source_1,Dest1,100
B24,H5,Source_1,Dest1,100
C24,G6,Source_1,Dest1,100
D24,H6,Source_1,Dest1,100
A24,I5,Source_1,Dest1,100
B24,J5,Source_1,Dest1,100
C24,I6,Source_1,Dest1,100
D24,J6,Source_1,Dest1,100
A24,K5,Source_1,Dest1,100
B24,L5,Source_1,Dest1,100
C24,K6,Source_1,Dest1,100
D24,L6,Source_1,Dest1,100
A24,M5,Source_1,Dest1,100
B24,N5,Source_1,Dest1,100
C24,M6,Source_1,Dest1,100
D24,N6,Source_1,Dest1,100
A24,O5,Source_1,Dest1,100
B24,P5,Source_1,Dest1,100
C24,O6,Source_1,Dest1,100
D24,P6,Source_1,Dest1,100
A24,A7,Source_1,Dest1,100
B24,B7,Source_1,Dest1,100
C24,A8,Source_1,Dest1,100
D24,B8,Source_1,Dest1,100
A24,C7,Source_1,Dest1,100
B24,D7,Source_1,Dest1,100
C24,C8,Source_1,Dest1,100
D24,D8,Source_1,Dest1,100
A24,E7,Source_1,Dest1,100
B24,F7,Source_1,Dest1,100
C24,E8,Source_1,Dest1,100
D24,F8,Source_1,Dest1,100
A24,G7,Source_1,Dest1,100
B24,H7,Source_1,Dest1,100
C24,G8,Source_1,Dest1,100
D24,H8,Source_1,Dest1,100
A24,I7,Source_1,Dest1,100
B24,J7,Source_1,Dest1,100
C24,I8,Source_1,Dest1,100
D24,J8,Source_1,Dest1,100
A24,K7,Source_1,Dest1,100
B24,L7,Source_1,Dest1,100
C24,K8,Source_1,Dest1,100
D24,L8,Source_1,Dest1,100
A24,M7,Source_1,Dest1,100
B24,N7,Source_1,Dest1,100
C24,M8,Source_1,Dest1,100
D24,N8,Source_1,Dest1,100
A24,O7,Source_1,Dest1,100
B24,P7,Source_1,Dest1,100
C24,O8,Source_1,Dest1,100
D24,P8,Source_1,Dest1,100
A24,A9,Source_1,Dest1,100
B24,B9,Source_1,Dest1,100
C24,A10,Source_1,Dest1,100
D24,B10,Source_1,Dest1,100
A24,C9,Source_1,Dest1,100
B24,D9,Source_1,Dest1,100
C24,C10,Source_1,Dest1,100
D24,D10,Source_1,Dest1,100
A24,E9,Source_1,Dest1,100
B24,F9,Source_1,Dest1,100
C24,E10,Source_1,Dest1,100
D24,F10,Source_1,Dest1,100
A24,G9,Source_1,Dest1,100
B24,H9,Source_1,Dest1,100
C24,G10,Source_1,Dest1,100
D24,H10,Source_1,Dest1,100
A24,I9,Source_1,Dest1,100
B24,J9,Source_1,Dest1,100
C24,I10,Source_1,Dest1,100
D24,J10,Source_1,Dest1,100
A24,K9,Source_1,Dest1,100
B24,L9,Source_1,Dest1,100
C24,K10,Source_1,Dest1,100
D24,L10,Source_1,Dest1,100
A24,M9,Source_1,Dest1,100
B24,N9,Source_1,Dest1,100
C24,M10,Source_1,Dest1,100
D24,N10,Source_1,Dest1,100
A24,O9,Source_1,Dest1,100
B24,P9,Source_1,Dest1,100
C24,O10,Source_1,Dest1,100
D24,P10,Source_1,Dest1,100
A24,A11,Source_1,Dest1,100
B24,B11,Source_1,Dest1,100
C24,A12,Source_1,Dest1,100
D24,B12,Source_1,Dest1,100
A24,C11,Source_1,Dest1,100
B24,D11,Source_1,Dest1,100
C24,C12,Source_1,Dest1,100
D24,D12,Source_1,Dest1,100
A24,E11,Source_1,Dest1,100
B24,F11,Source_1,Dest1,100
C24,E12,Source_1,Dest1,100
D24,F12,Source_1,Dest1,100
A24,G11,Source_1,Dest1,100
B24,H11,Source_1,Dest1,100
C24,G12,Source_1,Dest1,100
D24,H12,Source_1,Dest1,100
A24,I11,Source_1,Dest1,100
B24,J11,Source_1,Dest1,100
C24,I12,Source_1,Dest1,100
D24,J12,Source_1,Dest1,100
A24,K11,Source_1,Dest1,100
B24,L11,Source_1,Dest1,100
C24,K12,Source_1,Dest1,100
D24,L12,Source_1,Dest1,100
A24,M11,Source_1,Dest1,100
B24,N11,Source_1,Dest1,100
C24,M12,Source_1,Dest1,100
D24,N12,Source_1,Dest1,100
A24,O11,Source_1,Dest1,100
B24,P11,Source_1,Dest1,100
C24,O12,Source_1,Dest1,100
D24,P12,Source_1,Dest1,100
A24,A13,Source_1,Dest1,100
B24,B13,Source_1,Dest1,100
C24,A14,Source_1,Dest1,100
D24,B14,Source_1,Dest1,100
A24,C13,Source_1,Dest1,100
B24,D13,Source_1,Dest1,100
C24,C14,Source_1,Dest1,100
D24,D14,Source_1,Dest1,100
A24,E13,Source_1,Dest1,100
B24,F13,Source_1,Dest1,100
C24,E14,Source_1,Dest1,100
D24,F14,Source_1,Dest1,100
A24,G13,Source_1,Dest1,100
B24,H13,Source_1,Dest1,100
C24,G14,Source_1,Dest1,100
D24,H14,Source_1,Dest1,100
A24,I13,Source_1,Dest1,100
B24,J13,Source_1,Dest1,100
C24,I14,Source_1,Dest1,100
D24,J14,Source_1,Dest1,100
A24,K13,Source_1,Dest1,100
B24,L13,Source_1,Dest1,100
C24,K14,Source_1,Dest1,100
D24,L14,Source_1,Dest1,100
A24,M13,Source_1,Dest1,100
B24,N13,Source_1,Dest1,100
C24,M14,Source_1,Dest1,100
D24,N14,Source_1,Dest1,100
A24,O13,Source_1,Dest1,100
B24,P13,Source_1,Dest1,100
C24,O14,Source_1,Dest1,100
D24,P14,Source_1,Dest1,100
A24,A15,Source_1,Dest1,100
B24,B15,Source_1,Dest1,100
C24,A16,Source_1,Dest1,100
D24,B16,Source_1,Dest1,100
A24,C15,Source_1,Dest1,100
B24,D15,Source_1,Dest1,100
C24,C16,Source_1,Dest1,100
D24,D16,Source_1,Dest1,100
A24,E15,Source_1,Dest1,100
B24,F15,Source_1,Dest1,100
C24,E16,Source_1,Dest1,100
D24,F16,Source_1,Dest1,100
A24,G15,Source_1,Dest1,100
B24,H15,Source_1,Dest1,100
C24,G16,Source_1,Dest1,100
D24,H16,Source_1,Dest1,100
A24,I15,Source_1,Dest1,100
B24,J15,Source_1,Dest1,100
C24,I16,Source_1,Dest1,100
D24,J16,Source_1,Dest1,100
A24,K15,Source_1,Dest1,100
B24,L15,Source_1,Dest1,100
C24,K16,Source_1,Dest1,100
D24,L16,Source_1,Dest1,100
A24,M15,Source_1,Dest1,100
B24,N15,Source_1,Dest1,100
C24,M16,Source_1,Dest1,100
D24,N16,Source_1,Dest1,100
A24,O15,Source_1,Dest1,100
B24,P15,Source_1,Dest1,100
C24,O16,Source_1,Dest1,100
D24,P16,Source_1,Dest1,100
A24,A17,Source_1,Dest1,100
B24,B17,Source_1,Dest1,100
C24,A18,Source_1,Dest1,100
D24,B18,Source_1,Dest1,100
A24,C17,Source_1,Dest1,100
B24,D17,Source_1,Dest1,100
C24,C18,Source_1,Dest1,100
D24,D18,Source_1,Dest1,100
A24,E17,Source_1,Dest1,100
B24,F17,Source_1,Dest1,100
C24,E18,Source_1,Dest1,100
D24,F18,Source_1,Dest1,100
A24,G17,Source_1,Dest1,100
B24,H17,Source_1,Dest1,100
C24,G18,Source_1,Dest1,100
D24,H18,Source_1,Dest1,100
A24,I17,Source_1,Dest1,100
B24,J17,Source_1,Dest1,100
C24,I18,Source_1,Dest1,100
D24,J18,Source_1,Dest1,100
A24,K17,Source_1,Dest1,100
B24,L17,Source_1,Dest1,100
C24,K18,Source_1,Dest1,100
D24,L18,Source_1,Dest1,100
A24,M17,Source_1,Dest1,100
B24,N17,Source_1,Dest1,100
C24,M18,Source_1,Dest1,100
D24,N18,Source_1,Dest1,100
A24,O17,Source_1,Dest1,100
B24,P17,Source_1,Dest1,100
C24,O18,Source_1,Dest1,100
D24,P18,Source_1,Dest1,100
A24,A19,Source_1,Dest1,100
B24,B19,Source_1,Dest1,100
C24,A20,Source_1,Dest1,100
D24,B20,Source_1,Dest1,100
A24,C19,Source_1,Dest1,100
B24,D19,Source_1,Dest1,100
C24,C20,Source_1,Dest1,100
D24,D20,Source_1,Dest1,100
A24,E19,Source_1,Dest1,100
B24,F19,Source_1,Dest1,100
C24,E20,Source_1,Dest1,100
D24,F20,Source_1,Dest1,100
A24,G19,Source_1,Dest1,100
B24,H19,Source_1,Dest1,100
C24,G20,Source_1,Dest1,100
D24,H20,Source_1,Dest1,100
A24,I19,Source_1,Dest1,100
B24,J19,Source_1,Dest1,100
C24,I20,Source_1,Dest1,100
D24,J20,Source_1,Dest1,100
A24,K19,Source_1,Dest1,100
B24,L19,Source_1,Dest1,100
C24,K20,Source_1,Dest1,100
D24,L20,Source_1,Dest1,100
A24,M19,Source_1,Dest1,100
B24,N19,Source_1,Dest1,100
C24,M20,Source_1,Dest1,100
D24,N20,Source_1,Dest1,100
A24,O19,Source_1,Dest1,100
B24,P19,Source_1,Dest1,100
C24,O20,Source_1,Dest1,100
D24,P20,Source_1,Dest1,100
A24,A21,Source_1,Dest1,100
B24,B21,Source_1,Dest1,100
C24,A22,Source_1,Dest1,100
D24,B22,Source_1,Dest1,100
A24,C21,Source_1,Dest1,100
B24,D21,Source_1,Dest1,100
C24,C22,Source_1,Dest1,100
D24,D22,Source_1,Dest1,100
A24,E21,Source_1,Dest1,100
B24,F21,Source_1,Dest1,100
C24,E22,Source_1,Dest1,100
D24,F22,Source_1,Dest1,100
A24,G21,Source_1,Dest1,100
B24,H21,Source_1,Dest1,100
C24,G22,Source_1,Dest1,100
D24,H22,Source_1,Dest1,100
A24,I21,Source_1,Dest1,100
B24,J21,Source_1,Dest1,100
C24,I22,Source_1,Dest1,100
D24,J22,Source_1,Dest1,100
A24,K21,Source_1,Dest1,100
B24,L21,Source_1,Dest1,100
C24,K22,Source_1,Dest1,100
D24,L22,Source_1,Dest1,100
A24,M21,Source_1,Dest1,100
B24,N21,Source_1,Dest1,100
C24,M22,Source_1,Dest1,100
D24,N22,Source_1,Dest1,100
A24,O21,Source_1,Dest1,100
B24,P21,Source_1,Dest1,100
C24,O22,Source_1,Dest1,100
D24,P22,Source_1,Dest1,100
A24,A23,Source_1,Dest1,100
B24,B23,Source_1,Dest1,100
C24,A24,Source_1,Dest1,100
D24,B24,Source_1,Dest1,100
A24,C23,Source_1,Dest1,100
B24,D23,Source_1,Dest1,100
C24,C24,Source_1,Dest1,100
D24,D24,Source_1,Dest1,100
A24,E23,Source_1,Dest1,100
B24,F23,Source_1,Dest1,100
C24,E24,Source_1,Dest1,100
D24,F24,Source_1,Dest1,100
A24,G23,Source_1,Dest1,100
B24,H23,Source_1,Dest1,100
C24,G24,Source_1,Dest1,100
D24,H24,Source_1,Dest1,100
A24,I23,Source_1,Dest1,100
B24,J23,Source_1,Dest1,100
C24,I24,Source_1,Dest1,100
D24,J24,Source_1,Dest1,100
A24,K23,Source_1,Dest1,100
B24,L23,Source_1,Dest1,100
C24,K24,Source_1,Dest1,100
D24,L24,Source_1,Dest1,100
A24,M23,Source_1,Dest1,100
B24,N23,Source_1,Dest1,100
C24,M24,Source_1,Dest1,100
D24,N24,Source_1,Dest1,100
A24,O23,Source_1,Dest1,100
B24,P23,Source_1,Dest1,100
C24,O24,Source_1,Dest1,100
D24,P24,Source_1,Dest1,100
